{"cameraMode":{"drawMode":0,"name":"Shaded","section":"Shading Mode"},"sceneLighting":true,"audioPlay":false,"sceneViewState":{"m_AlwaysRefresh":false,"showFog":true,"showSkybox":true,"showFlares":true,"showImageEffects":true,"showParticleSystems":true,"showVisualEffectGraphs":true,"m_FxEnabled":true},"in2DMode":false,"pivot":{"x":7.257030487060547,"y":-10.774825096130371,"z":48.643409729003909},"rotation":{"x":0.1480007916688919,"y":0.05814371258020401,"z":-0.00860234722495079,"w":0.9871654510498047},"size":25.241483688354493,"orthographic":false}