{"cameraMode":{"drawMode":0,"name":"Shaded","section":"Shading Mode"},"sceneLighting":true,"audioPlay":false,"sceneViewState":{"m_AlwaysRefresh":false,"showFog":true,"showSkybox":true,"showFlares":true,"showImageEffects":true,"showParticleSystems":true,"showVisualEffectGraphs":true,"m_FxEnabled":true},"in2DMode":false,"pivot":{"x":-15.438326835632325,"y":21.028661727905275,"z":-14.227211952209473},"rotation":{"x":-0.0022724780719727279,"y":0.9859659075737,"z":-0.12581509351730348,"w":-0.1189037561416626},"size":2.2988836765289308,"orthographic":false}