{"cameraMode":{"drawMode":0,"name":"Shaded","section":"Shading Mode"},"sceneLighting":true,"audioPlay":false,"sceneViewState":{"m_AlwaysRefresh":false,"showFog":true,"showSkybox":true,"showFlares":true,"showImageEffects":true,"showParticleSystems":true,"showVisualEffectGraphs":true,"m_FxEnabled":true},"in2DMode":false,"pivot":{"x":-17.381242752075197,"y":7.136415958404541,"z":-22.15012550354004},"rotation":{"x":-0.005872755777090788,"y":-0.9996196627616882,"z":-0.04403961822390556,"w":0.012112916447222233},"size":6.349458694458008,"orthographic":false}