{"cameraMode":{"drawMode":0,"name":"Shaded","section":"Shading Mode"},"sceneLighting":true,"audioPlay":false,"sceneViewState":{"m_AlwaysRefresh":false,"showFog":true,"showSkybox":true,"showFlares":true,"showImageEffects":true,"showParticleSystems":true,"showVisualEffectGraphs":true,"m_FxEnabled":true},"in2DMode":false,"pivot":{"x":1.4061317443847657,"y":-0.3071143925189972,"z":-24.126998901367189},"rotation":{"x":0.00043619886855594814,"y":0.9989389181137085,"z":-0.043790675699710849,"w":0.007468948606401682},"size":14.367308616638184,"orthographic":false}