{"cameraMode":{"drawMode":0,"name":"Shaded","section":"Shading Mode"},"sceneLighting":true,"audioPlay":false,"sceneViewState":{"m_AlwaysRefresh":false,"showFog":true,"showSkybox":true,"showFlares":true,"showImageEffects":true,"showParticleSystems":true,"showVisualEffectGraphs":true,"m_FxEnabled":true},"in2DMode":false,"pivot":{"x":-166.9757537841797,"y":12.499408721923829,"z":-6.438329219818115},"rotation":{"x":0.00043570069829002023,"y":-0.9911171197891235,"z":-0.04442427679896355,"w":-0.13002805411815644},"size":167.26046752929688,"orthographic":false}