{"cameraMode":{"drawMode":0,"name":"Shaded","section":"Shading Mode"},"sceneLighting":false,"audioPlay":false,"sceneViewState":{"m_AlwaysRefresh":false,"showFog":true,"showSkybox":false,"showFlares":true,"showImageEffects":true,"showParticleSystems":true,"showVisualEffectGraphs":true,"m_FxEnabled":true},"in2DMode":false,"pivot":{"x":-0.6876384019851685,"y":-0.5911396741867065,"z":-0.5164716243743897},"rotation":{"x":-0.002960289129987359,"y":0.8901617527008057,"z":-0.4560065269470215,"w":-0.008310677483677864},"size":4.0679473876953129,"orthographic":false}