{"cameraMode":{"drawMode":0,"name":"Shaded","section":"Shading Mode"},"sceneLighting":false,"audioPlay":false,"sceneViewState":{"m_AlwaysRefresh":false,"showFog":true,"showSkybox":false,"showFlares":true,"showImageEffects":true,"showParticleSystems":true,"showVisualEffectGraphs":true,"m_FxEnabled":true},"in2DMode":false,"pivot":{"x":-0.4160810708999634,"y":0.7806594967842102,"z":-0.09245949238538742},"rotation":{"x":-0.03176216036081314,"y":0.9573103785514832,"z":-0.1456376016139984,"w":-0.25015443563461306},"size":3.079838275909424,"orthographic":false}